<?xml version="1.0"?>
<doc>
    <assembly>
        <name>MahApps.Metro.IconPacks.Typicons</name>
    </assembly>
    <members>
        <member name="T:MahApps.Metro.IconPacks.PackIconTypicons">
            <summary>
            Typicons Icons can be found at <see><cref>https://www.s-ings.com/typicons/</cref></see>.
            Font files are available under the SIL Open Font Licence. Artwork available under the CC BY-SA Licence. [License](<see><cref>https://github.com/stephenhutchings/typicons.font/blob/master/LICENCE.md</cref></see>).
            </summary>
        </member>
        <member name="P:MahApps.Metro.IconPacks.PackIconTypicons.Kind">
            <summary>
            Gets or sets the icon to display.
            </summary>
        </member>
        <member name="T:MahApps.Metro.IconPacks.PackIconTypiconsDataFactory">
            ******************************************
            This code is auto generated. Do not amend.
            ******************************************
        </member>
        <member name="M:MahApps.Metro.IconPacks.TypiconsImageExtension.GetPathData(System.Object)">
            <inheritdoc />
        </member>
        <member name="M:MahApps.Metro.IconPacks.TypiconsImageExtension.GetScaleTransform(System.Object)">
            <inheritdoc />
        </member>
        <member name="T:MahApps.Metro.IconPacks.PackIconTypiconsKind">
            ******************************************
            This code is auto generated. Do not amend.
            ******************************************
            <summary>
            List of available icons for use with <see cref="T:MahApps.Metro.IconPacks.PackIconTypicons" />.
            </summary>
            <remarks>
            Typicons Icons can be found at <see><cref>https://www.s-ings.com/typicons/</cref></see>.
            Font files are available under the SIL Open Font Licence. Artwork available under the CC BY-SA Licence. [License](<see><cref>https://github.com/stephenhutchings/typicons.font/blob/master/LICENCE.md</cref></see>).
            </remarks>
        </member>
        <member name="M:MahApps.Metro.IconPacks.Converter.PackIconTypiconsKindToImageConverter.GetPathData(System.Object)">
            <inheritdoc />
        </member>
        <member name="M:MahApps.Metro.IconPacks.Converter.PackIconTypiconsKindToImageConverter.GetScaleTransform(System.Object)">
            <inheritdoc />
        </member>
    </members>
</doc>
