<?xml version="1.0"?>
<doc>
    <assembly>
        <name>MahApps.Metro.IconPacks.Coolicons</name>
    </assembly>
    <members>
        <member name="T:MahApps.Metro.IconPacks.PackIconCoolicons">
            <summary>
            Coolicons icons are licensed under [CC 4.0](<see><cref>https://github.com/krystonschwarze/coolicons#license</cref></see>).
            Contributions, corrections and requests can be made on GitHub <see><cref>https://github.com/krystonschwarze/coolicons</cref></see>.
            </summary>
        </member>
        <member name="P:MahApps.Metro.IconPacks.PackIconCoolicons.Kind">
            <summary>
            Gets or sets the icon to display.
            </summary>
        </member>
        <member name="T:MahApps.Metro.IconPacks.PackIconCooliconsDataFactory">
            ******************************************
            This code is auto generated. Do not amend.
            ******************************************
        </member>
        <member name="M:MahApps.Metro.IconPacks.CooliconsImageExtension.GetPathData(System.Object)">
            <inheritdoc />
        </member>
        <member name="M:MahApps.Metro.IconPacks.CooliconsImageExtension.GetScaleTransform(System.Object)">
            <inheritdoc />
        </member>
        <member name="T:MahApps.Metro.IconPacks.PackIconCooliconsKind">
            ******************************************
            This code is auto generated. Do not amend.
            ******************************************
            <summary>
            List of available icons for use with <see cref="T:MahApps.Metro.IconPacks.PackIconCoolicons" />.
            </summary>
            <remarks>
            Coolicons icons are licensed under [CC 4.0](<see><cref>https://github.com/krystonschwarze/coolicons#license</cref></see>).
            Contributions, corrections and requests can be made on GitHub <see><cref>https://github.com/krystonschwarze/coolicons</cref></see>.
            </remarks>
        </member>
        <member name="M:MahApps.Metro.IconPacks.Converter.PackIconCooliconsKindToImageConverter.GetPathData(System.Object)">
            <inheritdoc />
        </member>
        <member name="M:MahApps.Metro.IconPacks.Converter.PackIconCooliconsKindToImageConverter.GetScaleTransform(System.Object)">
            <inheritdoc />
        </member>
    </members>
</doc>
