<?xml version="1.0"?>
<doc>
    <assembly>
        <name>MahApps.Metro.IconPacks.Fontisto</name>
    </assembly>
    <members>
        <member name="T:MahApps.Metro.IconPacks.PackIconFontisto">
            <summary>
            The Fontisto font is licensed under the [SIL OFL 1.1](<see><cref>https://github.com/kenangundogan/fontisto#license</cref></see>).
            Contributions, corrections and requests can be made on GitHub <see><cref>https://fontisto.com/</cref></see>.
            </summary>
        </member>
        <member name="P:MahApps.Metro.IconPacks.PackIconFontisto.Kind">
            <summary>
            Gets or sets the icon to display.
            </summary>
        </member>
        <member name="T:MahApps.Metro.IconPacks.PackIconFontistoDataFactory">
            ******************************************
            This code is auto generated. Do not amend.
            ******************************************
        </member>
        <member name="M:MahApps.Metro.IconPacks.FontistoImageExtension.GetPathData(System.Object)">
            <inheritdoc />
        </member>
        <member name="M:MahApps.Metro.IconPacks.FontistoImageExtension.GetScaleTransform(System.Object)">
            <inheritdoc />
        </member>
        <member name="T:MahApps.Metro.IconPacks.PackIconFontistoKind">
            ******************************************
            This code is auto generated. Do not amend.
            ******************************************
            <summary>
            List of available icons for use with <see cref="T:MahApps.Metro.IconPacks.PackIconFontisto" />.
            </summary>
            <remarks>
            The Fontisto font is licensed under the [SIL OFL 1.1](<see><cref>https://github.com/kenangundogan/fontisto#license</cref></see>).
            Contributions, corrections and requests can be made on GitHub <see><cref>https://fontisto.com/</cref></see>.
            </remarks>
        </member>
        <member name="M:MahApps.Metro.IconPacks.Converter.PackIconFontistoKindToImageConverter.GetPathData(System.Object)">
            <inheritdoc />
        </member>
        <member name="M:MahApps.Metro.IconPacks.Converter.PackIconFontistoKindToImageConverter.GetScaleTransform(System.Object)">
            <inheritdoc />
        </member>
    </members>
</doc>
